"","date","somaValorDiaria","mediaValorDiaria","month","year","somaValorMensal","mediaValorMensal","trimestre","somaValorTrimestre","mediaValorTrimestre"
"1",2019-06-29,119.7,29.925,"06","2019",1892.11,30.5179032258065,2,5025.04,52.3441666666667
"2",2019-06-28,2.5,2.5,"06","2019",1892.11,30.5179032258065,2,5025.04,52.3441666666667
"3",2019-06-27,18.5,6.16666666666667,"06","2019",1892.11,30.5179032258065,2,5025.04,52.3441666666667
"4",2019-06-26,265.77,88.59,"06","2019",1892.11,30.5179032258065,2,5025.04,52.3441666666667
"5",2019-06-22,114.63,28.6575,"06","2019",1892.11,30.5179032258065,2,5025.04,52.3441666666667
"6",2019-06-21,115.58,16.5114285714286,"06","2019",1892.11,30.5179032258065,2,5025.04,52.3441666666667
"7",2019-06-20,8.7,4.35,"06","2019",1892.11,30.5179032258065,2,5025.04,52.3441666666667
"8",2019-06-19,3,3,"06","2019",1892.11,30.5179032258065,2,5025.04,52.3441666666667
"9",2019-06-17,383.43,42.6033333333333,"06","2019",1892.11,30.5179032258065,2,5025.04,52.3441666666667
"10",2019-06-15,5.5,5.5,"06","2019",1892.11,30.5179032258065,2,5025.04,52.3441666666667
"11",2019-06-14,29.5,14.75,"06","2019",1892.11,30.5179032258065,2,5025.04,52.3441666666667
"12",2019-06-13,35.3,11.7666666666667,"06","2019",1892.11,30.5179032258065,2,5025.04,52.3441666666667
"13",2019-06-12,43.5,21.75,"06","2019",1892.11,30.5179032258065,2,5025.04,52.3441666666667
"14",2019-06-11,239.99,119.995,"06","2019",1892.11,30.5179032258065,2,5025.04,52.3441666666667
"15",2019-06-10,241.31,40.2183333333333,"06","2019",1892.11,30.5179032258065,2,5025.04,52.3441666666667
"16",2019-06-08,118,29.5,"06","2019",1892.11,30.5179032258065,2,5025.04,52.3441666666667
"17",2019-06-06,42.9,21.45,"06","2019",1892.11,30.5179032258065,2,5025.04,52.3441666666667
"18",2019-06-05,11.5,5.75,"06","2019",1892.11,30.5179032258065,2,5025.04,52.3441666666667
"19",2019-06-04,18.9,18.9,"06","2019",1892.11,30.5179032258065,2,5025.04,52.3441666666667
"20",2019-06-03,70,35,"06","2019",1892.11,30.5179032258065,2,5025.04,52.3441666666667
"21",2019-06-01,3.9,3.9,"06","2019",1892.11,30.5179032258065,2,5025.04,52.3441666666667
"22",2019-05-31,6.5,3.25,"05","2019",1884.57,49.5939473684211,2,5025.04,52.3441666666667
"23",2019-05-30,37.9,37.9,"05","2019",1884.57,49.5939473684211,2,5025.04,52.3441666666667
"24",2019-05-28,52.9,26.45,"05","2019",1884.57,49.5939473684211,2,5025.04,52.3441666666667
"25",2019-05-27,209.09,34.8483333333333,"05","2019",1884.57,49.5939473684211,2,5025.04,52.3441666666667
"26",2019-05-24,265.42,132.71,"05","2019",1884.57,49.5939473684211,2,5025.04,52.3441666666667
"27",2019-05-23,57.97,28.985,"05","2019",1884.57,49.5939473684211,2,5025.04,52.3441666666667
"28",2019-05-22,356.85,118.95,"05","2019",1884.57,49.5939473684211,2,5025.04,52.3441666666667
"29",2019-05-20,200.02,66.6733333333333,"05","2019",1884.57,49.5939473684211,2,5025.04,52.3441666666667
"30",2019-05-18,103.8,34.6,"05","2019",1884.57,49.5939473684211,2,5025.04,52.3441666666667
"31",2019-05-17,94.59,94.59,"05","2019",1884.57,49.5939473684211,2,5025.04,52.3441666666667
"32",2019-05-14,20,20,"05","2019",1884.57,49.5939473684211,2,5025.04,52.3441666666667
"33",2019-05-09,3.5,3.5,"05","2019",1884.57,49.5939473684211,2,5025.04,52.3441666666667
"34",2019-05-08,46,23,"05","2019",1884.57,49.5939473684211,2,5025.04,52.3441666666667
"35",2019-05-06,120.96,30.24,"05","2019",1884.57,49.5939473684211,2,5025.04,52.3441666666667
"36",2019-05-04,247.02,123.51,"05","2019",1884.57,49.5939473684211,2,5025.04,52.3441666666667
"37",2019-05-02,35.9,35.9,"05","2019",1884.57,49.5939473684211,2,5025.04,52.3441666666667
"38",2019-05-01,26.15,13.075,"05","2019",1884.57,49.5939473684211,2,5025.04,52.3441666666667
"39",2019-04-30,9,4.5,"04","2019",1208.14,44.7459259259259,2,5025.04,52.3441666666667
"40",2019-04-29,45.9,45.9,"04","2019",1208.14,44.7459259259259,2,5025.04,52.3441666666667
"41",2019-04-15,100,100,"04","2019",1208.14,44.7459259259259,2,5025.04,52.3441666666667
"42",2019-04-13,37.9,37.9,"04","2019",1208.14,44.7459259259259,2,5025.04,52.3441666666667
"43",2019-04-10,44.4,22.2,"04","2019",1208.14,44.7459259259259,2,5025.04,52.3441666666667
"44",2019-04-09,101.7,25.425,"04","2019",1208.14,44.7459259259259,2,5025.04,52.3441666666667
"45",2019-04-08,47.4,7.9,"04","2019",1208.14,44.7459259259259,2,5025.04,52.3441666666667
"46",2019-04-05,727.3,90.9125,"04","2019",1208.14,44.7459259259259,2,5025.04,52.3441666666667
"47",2019-04-03,94.54,47.27,"04","2019",1208.14,44.7459259259259,2,5025.04,52.3441666666667
"48",2019-03-28,37.9,37.9,"03","2019",903.44,34.7476923076923,1,5025.04,52.3441666666667
"49",2019-03-23,112.15,56.075,"03","2019",903.44,34.7476923076923,1,5025.04,52.3441666666667
"50",2019-03-19,9.5,1.9,"03","2019",903.44,34.7476923076923,1,5025.04,52.3441666666667
"51",2019-03-18,87.8,43.9,"03","2019",903.44,34.7476923076923,1,5025.04,52.3441666666667
"52",2019-03-16,15,15,"03","2019",903.44,34.7476923076923,1,5025.04,52.3441666666667
"53",2019-03-15,2,2,"03","2019",903.44,34.7476923076923,1,5025.04,52.3441666666667
"54",2019-03-12,146.66,146.66,"03","2019",903.44,34.7476923076923,1,5025.04,52.3441666666667
"55",2019-03-11,210.06,105.03,"03","2019",903.44,34.7476923076923,1,5025.04,52.3441666666667
"56",2019-03-08,5,5,"03","2019",903.44,34.7476923076923,1,5025.04,52.3441666666667
"57",2019-03-07,66.8,16.7,"03","2019",903.44,34.7476923076923,1,5025.04,52.3441666666667
"58",2019-03-06,21.99,21.99,"03","2019",903.44,34.7476923076923,1,5025.04,52.3441666666667
"59",2019-03-05,44.4,22.2,"03","2019",903.44,34.7476923076923,1,5025.04,52.3441666666667
"60",2019-03-04,84.18,42.09,"03","2019",903.44,34.7476923076923,1,5025.04,52.3441666666667
"61",2019-03-02,60,60,"03","2019",903.44,34.7476923076923,1,5025.04,52.3441666666667
"62",2019-02-28,37.9,37.9,"02","2019",869.99,36.2495833333333,1,5025.04,52.3441666666667
"63",2019-02-25,52.86,17.62,"02","2019",869.99,36.2495833333333,1,5025.04,52.3441666666667
"64",2019-02-09,99.53,33.1766666666667,"02","2019",869.99,36.2495833333333,1,5025.04,52.3441666666667
"65",2019-02-08,6.5,6.5,"02","2019",869.99,36.2495833333333,1,5025.04,52.3441666666667
"66",2019-02-07,11.07,11.07,"02","2019",869.99,36.2495833333333,1,5025.04,52.3441666666667
"67",2019-02-06,1,1,"02","2019",869.99,36.2495833333333,1,5025.04,52.3441666666667
"68",2019-02-05,15.5,5.16666666666667,"02","2019",869.99,36.2495833333333,1,5025.04,52.3441666666667
"69",2019-02-04,643.63,64.363,"02","2019",869.99,36.2495833333333,1,5025.04,52.3441666666667
"70",2019-02-01,2,2,"02","2019",869.99,36.2495833333333,1,5025.04,52.3441666666667
"71",2019-01-31,4,2,"01","2019",3251.61,70.6871739130435,1,5025.04,52.3441666666667
"72",2019-01-30,1,1,"01","2019",3251.61,70.6871739130435,1,5025.04,52.3441666666667
"73",2019-01-28,186.05,37.21,"01","2019",3251.61,70.6871739130435,1,5025.04,52.3441666666667
"74",2019-01-25,3.5,3.5,"01","2019",3251.61,70.6871739130435,1,5025.04,52.3441666666667
"75",2019-01-24,129,43,"01","2019",3251.61,70.6871739130435,1,5025.04,52.3441666666667
"76",2019-01-23,41.92,20.96,"01","2019",3251.61,70.6871739130435,1,5025.04,52.3441666666667
"77",2019-01-22,76,25.3333333333333,"01","2019",3251.61,70.6871739130435,1,5025.04,52.3441666666667
"78",2019-01-21,65.39,32.695,"01","2019",3251.61,70.6871739130435,1,5025.04,52.3441666666667
"79",2019-01-19,29,9.66666666666667,"01","2019",3251.61,70.6871739130435,1,5025.04,52.3441666666667
"80",2019-01-18,70.36,35.18,"01","2019",3251.61,70.6871739130435,1,5025.04,52.3441666666667
"81",2019-01-17,3.5,3.5,"01","2019",3251.61,70.6871739130435,1,5025.04,52.3441666666667
"82",2019-01-15,3.5,3.5,"01","2019",3251.61,70.6871739130435,1,5025.04,52.3441666666667
"83",2019-01-14,195.85,39.17,"01","2019",3251.61,70.6871739130435,1,5025.04,52.3441666666667
"84",2019-01-12,3.5,3.5,"01","2019",3251.61,70.6871739130435,1,5025.04,52.3441666666667
"85",2019-01-11,18.8,18.8,"01","2019",3251.61,70.6871739130435,1,5025.04,52.3441666666667
"86",2019-01-09,964.5,964.5,"01","2019",3251.61,70.6871739130435,1,5025.04,52.3441666666667
"87",2019-01-08,10,10,"01","2019",3251.61,70.6871739130435,1,5025.04,52.3441666666667
"88",2019-01-07,93.2,46.6,"01","2019",3251.61,70.6871739130435,1,5025.04,52.3441666666667
"89",2019-01-05,1130.7,226.14,"01","2019",3251.61,70.6871739130435,1,5025.04,52.3441666666667
"90",2019-01-04,17.09,8.545,"01","2019",3251.61,70.6871739130435,1,5025.04,52.3441666666667
"91",2019-01-03,24.75,24.75,"01","2019",3251.61,70.6871739130435,1,5025.04,52.3441666666667
"92",2019-01-02,180,180,"01","2019",3251.61,70.6871739130435,1,5025.04,52.3441666666667
"93",2018-12-28,37.9,37.9,"12","2018",2026.3,38.2320754716981,4,4682.97,41.4422123893805
"94",2018-12-27,381.04,63.5066666666667,"12","2018",2026.3,38.2320754716981,4,4682.97,41.4422123893805
"95",2018-12-24,232.95,58.2375,"12","2018",2026.3,38.2320754716981,4,4682.97,41.4422123893805
"96",2018-12-22,32.5,16.25,"12","2018",2026.3,38.2320754716981,4,4682.97,41.4422123893805
"97",2018-12-21,338.53,84.6325,"12","2018",2026.3,38.2320754716981,4,4682.97,41.4422123893805
"98",2018-12-20,81.05,27.0166666666667,"12","2018",2026.3,38.2320754716981,4,4682.97,41.4422123893805
"99",2018-12-18,29.37,14.685,"12","2018",2026.3,38.2320754716981,4,4682.97,41.4422123893805
"100",2018-12-17,219.48,31.3542857142857,"12","2018",2026.3,38.2320754716981,4,4682.97,41.4422123893805
"101",2018-12-15,39.74,39.74,"12","2018",2026.3,38.2320754716981,4,4682.97,41.4422123893805
"102",2018-12-13,71.8,35.9,"12","2018",2026.3,38.2320754716981,4,4682.97,41.4422123893805
"103",2018-12-11,60,60,"12","2018",2026.3,38.2320754716981,4,4682.97,41.4422123893805
"104",2018-12-10,55,55,"12","2018",2026.3,38.2320754716981,4,4682.97,41.4422123893805
"105",2018-12-07,25.5,12.75,"12","2018",2026.3,38.2320754716981,4,4682.97,41.4422123893805
"106",2018-12-06,30,10,"12","2018",2026.3,38.2320754716981,4,4682.97,41.4422123893805
"107",2018-12-05,63.4,21.1333333333333,"12","2018",2026.3,38.2320754716981,4,4682.97,41.4422123893805
"108",2018-12-03,150.76,30.152,"12","2018",2026.3,38.2320754716981,4,4682.97,41.4422123893805
"109",2018-12-01,177.28,29.5466666666667,"12","2018",2026.3,38.2320754716981,4,4682.97,41.4422123893805
"110",2018-11-29,32.5,32.5,"11","2018",1818.79,53.4938235294118,4,4682.97,41.4422123893805
"111",2018-11-28,104.67,34.89,"11","2018",1818.79,53.4938235294118,4,4682.97,41.4422123893805
"112",2018-11-27,3.99,3.99,"11","2018",1818.79,53.4938235294118,4,4682.97,41.4422123893805
"113",2018-11-26,89,29.6666666666667,"11","2018",1818.79,53.4938235294118,4,4682.97,41.4422123893805
"114",2018-11-23,8,8,"11","2018",1818.79,53.4938235294118,4,4682.97,41.4422123893805
"115",2018-11-22,74.93,24.9766666666667,"11","2018",1818.79,53.4938235294118,4,4682.97,41.4422123893805
"116",2018-11-21,100.5,100.5,"11","2018",1818.79,53.4938235294118,4,4682.97,41.4422123893805
"117",2018-11-20,652,326,"11","2018",1818.79,53.4938235294118,4,4682.97,41.4422123893805
"118",2018-11-15,50,50,"11","2018",1818.79,53.4938235294118,4,4682.97,41.4422123893805
"119",2018-11-14,17.5,17.5,"11","2018",1818.79,53.4938235294118,4,4682.97,41.4422123893805
"120",2018-11-13,34.5,17.25,"11","2018",1818.79,53.4938235294118,4,4682.97,41.4422123893805
"121",2018-11-12,359.64,359.64,"11","2018",1818.79,53.4938235294118,4,4682.97,41.4422123893805
"122",2018-11-10,38.68,19.34,"11","2018",1818.79,53.4938235294118,4,4682.97,41.4422123893805
"123",2018-11-09,125.08,25.016,"11","2018",1818.79,53.4938235294118,4,4682.97,41.4422123893805
"124",2018-11-07,82,41,"11","2018",1818.79,53.4938235294118,4,4682.97,41.4422123893805
"125",2018-11-05,23.5,11.75,"11","2018",1818.79,53.4938235294118,4,4682.97,41.4422123893805
"126",2018-11-03,6.98,6.98,"11","2018",1818.79,53.4938235294118,4,4682.97,41.4422123893805
"127",2018-11-02,9,9,"11","2018",1818.79,53.4938235294118,4,4682.97,41.4422123893805
"128",2018-11-01,6.32,6.32,"11","2018",1818.79,53.4938235294118,4,4682.97,41.4422123893805
"129",2018-10-31,120,120,"10","2018",1391.58,30.2517391304348,4,4682.97,41.4422123893805
"130",2018-10-30,4.4,4.4,"10","2018",1391.58,30.2517391304348,4,4682.97,41.4422123893805
"131",2018-10-29,186.6,31.1,"10","2018",1391.58,30.2517391304348,4,4682.97,41.4422123893805
"132",2018-10-26,24.55,12.275,"10","2018",1391.58,30.2517391304348,4,4682.97,41.4422123893805
"133",2018-10-25,61,30.5,"10","2018",1391.58,30.2517391304348,4,4682.97,41.4422123893805
"134",2018-10-23,29.62,14.81,"10","2018",1391.58,30.2517391304348,4,4682.97,41.4422123893805
"135",2018-10-22,43.94,14.6466666666667,"10","2018",1391.58,30.2517391304348,4,4682.97,41.4422123893805
"136",2018-10-19,103.55,34.5166666666667,"10","2018",1391.58,30.2517391304348,4,4682.97,41.4422123893805
"137",2018-10-18,78.17,39.085,"10","2018",1391.58,30.2517391304348,4,4682.97,41.4422123893805
"138",2018-10-15,235.9,58.975,"10","2018",1391.58,30.2517391304348,4,4682.97,41.4422123893805
"139",2018-10-12,26.5,13.25,"10","2018",1391.58,30.2517391304348,4,4682.97,41.4422123893805
"140",2018-10-10,25.89,12.945,"10","2018",1391.58,30.2517391304348,4,4682.97,41.4422123893805
"141",2018-10-09,71.77,23.9233333333333,"10","2018",1391.58,30.2517391304348,4,4682.97,41.4422123893805
"142",2018-10-08,105,52.5,"10","2018",1391.58,30.2517391304348,4,4682.97,41.4422123893805
"143",2018-10-06,18.5,9.25,"10","2018",1391.58,30.2517391304348,4,4682.97,41.4422123893805
"144",2018-10-05,53.75,17.9166666666667,"10","2018",1391.58,30.2517391304348,4,4682.97,41.4422123893805
"145",2018-10-04,11.5,11.5,"10","2018",1391.58,30.2517391304348,4,4682.97,41.4422123893805
"146",2018-10-03,132.35,44.1166666666667,"10","2018",1391.58,30.2517391304348,4,4682.97,41.4422123893805
"147",2018-10-02,5.99,5.99,"10","2018",1391.58,30.2517391304348,4,4682.97,41.4422123893805
"148",2018-10-01,52.6,52.6,"10","2018",1391.58,30.2517391304348,4,4682.97,41.4422123893805
"149",2018-09-28,182.4,36.48,"09","2018",1747.68,43.692,3,4682.97,41.4422123893805
"150",2018-09-27,42.63,42.63,"09","2018",1747.68,43.692,3,4682.97,41.4422123893805
"151",2018-09-25,69.41,23.1366666666667,"09","2018",1747.68,43.692,3,4682.97,41.4422123893805
"152",2018-09-22,19,19,"09","2018",1747.68,43.692,3,4682.97,41.4422123893805
"153",2018-09-21,14.28,14.28,"09","2018",1747.68,43.692,3,4682.97,41.4422123893805
"154",2018-09-20,30,30,"09","2018",1747.68,43.692,3,4682.97,41.4422123893805
"155",2018-09-19,29,29,"09","2018",1747.68,43.692,3,4682.97,41.4422123893805
"156",2018-09-18,22,22,"09","2018",1747.68,43.692,3,4682.97,41.4422123893805
"157",2018-09-17,56,28,"09","2018",1747.68,43.692,3,4682.97,41.4422123893805
"158",2018-09-15,35,35,"09","2018",1747.68,43.692,3,4682.97,41.4422123893805
"159",2018-09-12,209.52,104.76,"09","2018",1747.68,43.692,3,4682.97,41.4422123893805
"160",2018-09-11,36.92,18.46,"09","2018",1747.68,43.692,3,4682.97,41.4422123893805
"161",2018-09-10,503.72,83.9533333333333,"09","2018",1747.68,43.692,3,4682.97,41.4422123893805
"162",2018-09-08,29.64,29.64,"09","2018",1747.68,43.692,3,4682.97,41.4422123893805
"163",2018-09-07,271.25,90.4166666666667,"09","2018",1747.68,43.692,3,4682.97,41.4422123893805
"164",2018-09-06,25.36,8.45333333333333,"09","2018",1747.68,43.692,3,4682.97,41.4422123893805
"165",2018-09-05,78,19.5,"09","2018",1747.68,43.692,3,4682.97,41.4422123893805
"166",2018-09-03,43.55,43.55,"09","2018",1747.68,43.692,3,4682.97,41.4422123893805
"167",2018-09-01,50,50,"09","2018",1747.68,43.692,3,4682.97,41.4422123893805
"168",2018-08-31,35.13,17.565,"08","2018",3560,79.1111111111111,3,4682.97,41.4422123893805
"169",2018-08-30,108.3,36.1,"08","2018",3560,79.1111111111111,3,4682.97,41.4422123893805
"170",2018-08-29,29.75,29.75,"08","2018",3560,79.1111111111111,3,4682.97,41.4422123893805
"171",2018-08-28,55.4,27.7,"08","2018",3560,79.1111111111111,3,4682.97,41.4422123893805
"172",2018-08-27,2107.43,263.42875,"08","2018",3560,79.1111111111111,3,4682.97,41.4422123893805
"173",2018-08-25,60.85,30.425,"08","2018",3560,79.1111111111111,3,4682.97,41.4422123893805
"174",2018-08-24,88,44,"08","2018",3560,79.1111111111111,3,4682.97,41.4422123893805
"175",2018-08-22,19,19,"08","2018",3560,79.1111111111111,3,4682.97,41.4422123893805
"176",2018-08-21,158,158,"08","2018",3560,79.1111111111111,3,4682.97,41.4422123893805
"177",2018-08-15,65.76,32.88,"08","2018",3560,79.1111111111111,3,4682.97,41.4422123893805
"178",2018-08-14,7.99,7.99,"08","2018",3560,79.1111111111111,3,4682.97,41.4422123893805
"179",2018-08-13,22,22,"08","2018",3560,79.1111111111111,3,4682.97,41.4422123893805
"180",2018-08-11,124.37,31.0925,"08","2018",3560,79.1111111111111,3,4682.97,41.4422123893805
"181",2018-08-10,26.98,13.49,"08","2018",3560,79.1111111111111,3,4682.97,41.4422123893805
"182",2018-08-08,69.9,69.9,"08","2018",3560,79.1111111111111,3,4682.97,41.4422123893805
"183",2018-08-06,8.5,8.5,"08","2018",3560,79.1111111111111,3,4682.97,41.4422123893805
"184",2018-08-04,18.4,18.4,"08","2018",3560,79.1111111111111,3,4682.97,41.4422123893805
"185",2018-08-03,268.54,67.135,"08","2018",3560,79.1111111111111,3,4682.97,41.4422123893805
"186",2018-08-02,95.55,31.85,"08","2018",3560,79.1111111111111,3,4682.97,41.4422123893805
"187",2018-08-01,190.15,63.3833333333333,"08","2018",3560,79.1111111111111,3,4682.97,41.4422123893805
"188",2018-07-31,82.3,27.4333333333333,"07","2018",6260.51,69.5612222222222,3,4682.97,41.4422123893805
"189",2018-07-30,153.71,38.4275,"07","2018",6260.51,69.5612222222222,3,4682.97,41.4422123893805
"190",2018-07-28,81.8,40.9,"07","2018",6260.51,69.5612222222222,3,4682.97,41.4422123893805
"191",2018-07-27,83.58,27.86,"07","2018",6260.51,69.5612222222222,3,4682.97,41.4422123893805
"192",2018-07-26,12.87,12.87,"07","2018",6260.51,69.5612222222222,3,4682.97,41.4422123893805
"193",2018-07-25,357.92,39.7688888888889,"07","2018",6260.51,69.5612222222222,3,4682.97,41.4422123893805
"194",2018-07-24,24.79,24.79,"07","2018",6260.51,69.5612222222222,3,4682.97,41.4422123893805
"195",2018-07-23,154.87,38.7175,"07","2018",6260.51,69.5612222222222,3,4682.97,41.4422123893805
"196",2018-07-22,19,19,"07","2018",6260.51,69.5612222222222,3,4682.97,41.4422123893805
"197",2018-07-21,109.41,54.705,"07","2018",6260.51,69.5612222222222,3,4682.97,41.4422123893805
"198",2018-07-20,1005.39,167.565,"07","2018",6260.51,69.5612222222222,3,4682.97,41.4422123893805
"199",2018-07-18,135.88,33.97,"07","2018",6260.51,69.5612222222222,3,4682.97,41.4422123893805
"200",2018-07-17,2023.86,337.31,"07","2018",6260.51,69.5612222222222,3,4682.97,41.4422123893805
"201",2018-07-16,335.93,67.186,"07","2018",6260.51,69.5612222222222,3,4682.97,41.4422123893805
"202",2018-07-14,52.2,52.2,"07","2018",6260.51,69.5612222222222,3,4682.97,41.4422123893805
"203",2018-07-13,19.52,19.52,"07","2018",6260.51,69.5612222222222,3,4682.97,41.4422123893805
"204",2018-07-12,80,26.6666666666667,"07","2018",6260.51,69.5612222222222,3,4682.97,41.4422123893805
"205",2018-07-11,167.89,33.578,"07","2018",6260.51,69.5612222222222,3,4682.97,41.4422123893805
"206",2018-07-10,142.09,142.09,"07","2018",6260.51,69.5612222222222,3,4682.97,41.4422123893805
"207",2018-07-09,490.22,81.7033333333333,"07","2018",6260.51,69.5612222222222,3,4682.97,41.4422123893805
"208",2018-07-07,75.8,25.2666666666667,"07","2018",6260.51,69.5612222222222,3,4682.97,41.4422123893805
"209",2018-07-06,306.87,43.8385714285714,"07","2018",6260.51,69.5612222222222,3,4682.97,41.4422123893805
"210",2018-07-05,88.75,29.5833333333333,"07","2018",6260.51,69.5612222222222,3,4682.97,41.4422123893805
"211",2018-07-04,38.01,38.01,"07","2018",6260.51,69.5612222222222,3,4682.97,41.4422123893805
"212",2018-07-03,99.5,16.5833333333333,"07","2018",6260.51,69.5612222222222,3,4682.97,41.4422123893805
"213",2018-07-02,118.35,59.175,"07","2018",6260.51,69.5612222222222,3,4682.97,41.4422123893805
"214",2018-06-30,114.92,38.3066666666667,"06","2018",2228.48,39.7942857142857,2,4682.97,41.4422123893805
"215",2018-06-29,20.7,10.35,"06","2018",2228.48,39.7942857142857,2,4682.97,41.4422123893805
"216",2018-06-28,18.9,18.9,"06","2018",2228.48,39.7942857142857,2,4682.97,41.4422123893805
"217",2018-06-27,14.66,7.33,"06","2018",2228.48,39.7942857142857,2,4682.97,41.4422123893805
"218",2018-06-26,47.99,47.99,"06","2018",2228.48,39.7942857142857,2,4682.97,41.4422123893805
"219",2018-06-25,334.16,41.77,"06","2018",2228.48,39.7942857142857,2,4682.97,41.4422123893805
"220",2018-06-23,180.29,45.0725,"06","2018",2228.48,39.7942857142857,2,4682.97,41.4422123893805
"221",2018-06-22,26.65,13.325,"06","2018",2228.48,39.7942857142857,2,4682.97,41.4422123893805
"222",2018-06-21,36.13,9.0325,"06","2018",2228.48,39.7942857142857,2,4682.97,41.4422123893805
"223",2018-06-20,21.7,10.85,"06","2018",2228.48,39.7942857142857,2,4682.97,41.4422123893805
"224",2018-06-19,62,31,"06","2018",2228.48,39.7942857142857,2,4682.97,41.4422123893805
"225",2018-06-18,108.95,36.3166666666667,"06","2018",2228.48,39.7942857142857,2,4682.97,41.4422123893805
"226",2018-06-16,19.09,9.545,"06","2018",2228.48,39.7942857142857,2,4682.97,41.4422123893805
"227",2018-06-15,25.67,12.835,"06","2018",2228.48,39.7942857142857,2,4682.97,41.4422123893805
"228",2018-06-14,42.59,21.295,"06","2018",2228.48,39.7942857142857,2,4682.97,41.4422123893805
"229",2018-06-13,23.1,7.7,"06","2018",2228.48,39.7942857142857,2,4682.97,41.4422123893805
"230",2018-06-12,15.2,7.6,"06","2018",2228.48,39.7942857142857,2,4682.97,41.4422123893805
"231",2018-06-09,12,12,"06","2018",2228.48,39.7942857142857,2,4682.97,41.4422123893805
"232",2018-06-08,4.94,2.47,"06","2018",2228.48,39.7942857142857,2,4682.97,41.4422123893805
"233",2018-06-06,26.61,26.61,"06","2018",2228.48,39.7942857142857,2,4682.97,41.4422123893805
"234",2018-06-04,32.66,16.33,"06","2018",2228.48,39.7942857142857,2,4682.97,41.4422123893805
"235",2018-06-02,1017.58,254.395,"06","2018",2228.48,39.7942857142857,2,4682.97,41.4422123893805
"236",2018-06-01,21.99,21.99,"06","2018",2228.48,39.7942857142857,2,4682.97,41.4422123893805
"237",2018-05-30,13.42,13.42,"05","2018",596.61,19.2454838709677,2,4682.97,41.4422123893805
"238",2018-05-29,20.6,10.3,"05","2018",596.61,19.2454838709677,2,4682.97,41.4422123893805
"239",2018-05-28,55.99,55.99,"05","2018",596.61,19.2454838709677,2,4682.97,41.4422123893805
"240",2018-05-26,8,8,"05","2018",596.61,19.2454838709677,2,4682.97,41.4422123893805
"241",2018-05-25,11.7,11.7,"05","2018",596.61,19.2454838709677,2,4682.97,41.4422123893805
"242",2018-05-24,6,6,"05","2018",596.61,19.2454838709677,2,4682.97,41.4422123893805
"243",2018-05-23,98.27,32.7566666666667,"05","2018",596.61,19.2454838709677,2,4682.97,41.4422123893805
"244",2018-05-22,41,20.5,"05","2018",596.61,19.2454838709677,2,4682.97,41.4422123893805
"245",2018-05-21,7.5,7.5,"05","2018",596.61,19.2454838709677,2,4682.97,41.4422123893805
"246",2018-05-19,11.71,5.855,"05","2018",596.61,19.2454838709677,2,4682.97,41.4422123893805
"247",2018-05-18,99.18,33.06,"05","2018",596.61,19.2454838709677,2,4682.97,41.4422123893805
"248",2018-05-17,85.99,28.6633333333333,"05","2018",596.61,19.2454838709677,2,4682.97,41.4422123893805
"249",2018-05-15,34.09,11.3633333333333,"05","2018",596.61,19.2454838709677,2,4682.97,41.4422123893805
"250",2018-05-07,27.92,13.96,"05","2018",596.61,19.2454838709677,2,4682.97,41.4422123893805
"251",2018-05-05,7.45,7.45,"05","2018",596.61,19.2454838709677,2,4682.97,41.4422123893805
"252",2018-05-03,13,6.5,"05","2018",596.61,19.2454838709677,2,4682.97,41.4422123893805
"253",2018-05-01,54.79,27.395,"05","2018",596.61,19.2454838709677,2,4682.97,41.4422123893805
"254",2018-04-28,137.25,27.45,"04","2018",1299.41,31.6929268292683,2,4682.97,41.4422123893805
"255",2018-04-27,12,12,"04","2018",1299.41,31.6929268292683,2,4682.97,41.4422123893805
"256",2018-04-26,31.5,10.5,"04","2018",1299.41,31.6929268292683,2,4682.97,41.4422123893805
"257",2018-04-25,18.5,6.16666666666667,"04","2018",1299.41,31.6929268292683,2,4682.97,41.4422123893805
"258",2018-04-24,22,7.33333333333333,"04","2018",1299.41,31.6929268292683,2,4682.97,41.4422123893805
"259",2018-04-22,19,19,"04","2018",1299.41,31.6929268292683,2,4682.97,41.4422123893805
"260",2018-04-21,116.37,58.185,"04","2018",1299.41,31.6929268292683,2,4682.97,41.4422123893805
"261",2018-04-20,12,12,"04","2018",1299.41,31.6929268292683,2,4682.97,41.4422123893805
"262",2018-04-18,37.9,37.9,"04","2018",1299.41,31.6929268292683,2,4682.97,41.4422123893805
"263",2018-04-16,31.36,15.68,"04","2018",1299.41,31.6929268292683,2,4682.97,41.4422123893805
"264",2018-04-14,61.15,20.3833333333333,"04","2018",1299.41,31.6929268292683,2,4682.97,41.4422123893805
"265",2018-04-13,10,10,"04","2018",1299.41,31.6929268292683,2,4682.97,41.4422123893805
"266",2018-04-12,558.42,186.14,"04","2018",1299.41,31.6929268292683,2,4682.97,41.4422123893805
"267",2018-04-11,57.14,19.0466666666667,"04","2018",1299.41,31.6929268292683,2,4682.97,41.4422123893805
"268",2018-04-07,23.1,11.55,"04","2018",1299.41,31.6929268292683,2,4682.97,41.4422123893805
"269",2018-04-06,18.97,9.485,"04","2018",1299.41,31.6929268292683,2,4682.97,41.4422123893805
"270",2018-04-05,18.9,9.45,"04","2018",1299.41,31.6929268292683,2,4682.97,41.4422123893805
"271",2018-04-04,8.35,8.35,"04","2018",1299.41,31.6929268292683,2,4682.97,41.4422123893805
"272",2018-04-03,10.5,10.5,"04","2018",1299.41,31.6929268292683,2,4682.97,41.4422123893805
"273",2018-04-02,95,95,"04","2018",1299.41,31.6929268292683,2,4682.97,41.4422123893805
"274",2018-03-30,10,10,"03","2018",275.2,17.2,1,4682.97,41.4422123893805
"275",2018-03-29,78.4,26.1333333333333,"03","2018",275.2,17.2,1,4682.97,41.4422123893805
"276",2018-03-23,1.28,1.28,"03","2018",275.2,17.2,1,4682.97,41.4422123893805
"277",2018-03-22,50.1,16.7,"03","2018",275.2,17.2,1,4682.97,41.4422123893805
"278",2018-03-19,37.9,37.9,"03","2018",275.2,17.2,1,4682.97,41.4422123893805
"279",2018-03-09,40.43,20.215,"03","2018",275.2,17.2,1,4682.97,41.4422123893805
"280",2018-03-06,17.4,8.7,"03","2018",275.2,17.2,1,4682.97,41.4422123893805
"281",2018-03-05,8.89,8.89,"03","2018",275.2,17.2,1,4682.97,41.4422123893805
"282",2018-03-03,6,6,"03","2018",275.2,17.2,1,4682.97,41.4422123893805
"283",2018-03-02,24.8,24.8,"03","2018",275.2,17.2,1,4682.97,41.4422123893805
"284",2018-02-28,115.39,28.8475,"02","2018",2547.65,55.3836956521739,1,4682.97,41.4422123893805
"285",2018-02-27,52.5,52.5,"02","2018",2547.65,55.3836956521739,1,4682.97,41.4422123893805
"286",2018-02-24,40,40,"02","2018",2547.65,55.3836956521739,1,4682.97,41.4422123893805
"287",2018-02-23,23.99,23.99,"02","2018",2547.65,55.3836956521739,1,4682.97,41.4422123893805
"288",2018-02-22,1006.29,167.715,"02","2018",2547.65,55.3836956521739,1,4682.97,41.4422123893805
"289",2018-02-21,128.52,42.84,"02","2018",2547.65,55.3836956521739,1,4682.97,41.4422123893805
"290",2018-02-20,101.9,25.475,"02","2018",2547.65,55.3836956521739,1,4682.97,41.4422123893805
"291",2018-02-19,199.64,33.2733333333333,"02","2018",2547.65,55.3836956521739,1,4682.97,41.4422123893805
"292",2018-02-16,106.98,53.49,"02","2018",2547.65,55.3836956521739,1,4682.97,41.4422123893805
"293",2018-02-15,132.79,33.1975,"02","2018",2547.65,55.3836956521739,1,4682.97,41.4422123893805
"294",2018-02-12,19.9,19.9,"02","2018",2547.65,55.3836956521739,1,4682.97,41.4422123893805
"295",2018-02-08,9.98,9.98,"02","2018",2547.65,55.3836956521739,1,4682.97,41.4422123893805
"296",2018-02-07,12.4,12.4,"02","2018",2547.65,55.3836956521739,1,4682.97,41.4422123893805
"297",2018-02-06,65.32,32.66,"02","2018",2547.65,55.3836956521739,1,4682.97,41.4422123893805
"298",2018-02-05,76.09,25.3633333333333,"02","2018",2547.65,55.3836956521739,1,4682.97,41.4422123893805
"299",2018-02-03,43.85,21.925,"02","2018",2547.65,55.3836956521739,1,4682.97,41.4422123893805
"300",2018-02-02,362.11,120.703333333333,"02","2018",2547.65,55.3836956521739,1,4682.97,41.4422123893805
"301",2018-02-01,50,50,"02","2018",2547.65,55.3836956521739,1,4682.97,41.4422123893805
"302",2018-01-31,26.35,13.175,"01","2018",1860.12,36.4729411764706,1,4682.97,41.4422123893805
"303",2018-01-30,105.01,35.0033333333333,"01","2018",1860.12,36.4729411764706,1,4682.97,41.4422123893805
"304",2018-01-29,72.45,36.225,"01","2018",1860.12,36.4729411764706,1,4682.97,41.4422123893805
"305",2018-01-27,34.05,17.025,"01","2018",1860.12,36.4729411764706,1,4682.97,41.4422123893805
"306",2018-01-26,29.53,14.765,"01","2018",1860.12,36.4729411764706,1,4682.97,41.4422123893805
"307",2018-01-25,70.26,35.13,"01","2018",1860.12,36.4729411764706,1,4682.97,41.4422123893805
"308",2018-01-24,69.3,34.65,"01","2018",1860.12,36.4729411764706,1,4682.97,41.4422123893805
"309",2018-01-23,191.52,63.84,"01","2018",1860.12,36.4729411764706,1,4682.97,41.4422123893805
"310",2018-01-22,434.82,48.3133333333333,"01","2018",1860.12,36.4729411764706,1,4682.97,41.4422123893805
"311",2018-01-20,113,37.6666666666667,"01","2018",1860.12,36.4729411764706,1,4682.97,41.4422123893805
"312",2018-01-19,38.44,19.22,"01","2018",1860.12,36.4729411764706,1,4682.97,41.4422123893805
"313",2018-01-18,128.64,25.728,"01","2018",1860.12,36.4729411764706,1,4682.97,41.4422123893805
"314",2018-01-16,29.07,14.535,"01","2018",1860.12,36.4729411764706,1,4682.97,41.4422123893805
"315",2018-01-15,76,76,"01","2018",1860.12,36.4729411764706,1,4682.97,41.4422123893805
"316",2018-01-13,18.86,18.86,"01","2018",1860.12,36.4729411764706,1,4682.97,41.4422123893805
"317",2018-01-12,22.05,22.05,"01","2018",1860.12,36.4729411764706,1,4682.97,41.4422123893805
"318",2018-01-11,50,50,"01","2018",1860.12,36.4729411764706,1,4682.97,41.4422123893805
"319",2018-01-10,64.71,64.71,"01","2018",1860.12,36.4729411764706,1,4682.97,41.4422123893805
"320",2018-01-09,49.41,24.705,"01","2018",1860.12,36.4729411764706,1,4682.97,41.4422123893805
"321",2018-01-08,186.65,46.6625,"01","2018",1860.12,36.4729411764706,1,4682.97,41.4422123893805
"322",2018-01-06,50,50,"01","2018",1860.12,36.4729411764706,1,4682.97,41.4422123893805
"323",2017-12-22,19,19,"12","2017",310.32,23.8707692307692,4,4038.18,48.0735714285714
"324",2017-12-21,34.03,17.015,"12","2017",310.32,23.8707692307692,4,4038.18,48.0735714285714
"325",2017-12-18,37.9,37.9,"12","2017",310.32,23.8707692307692,4,4038.18,48.0735714285714
"326",2017-12-07,34.04,17.02,"12","2017",310.32,23.8707692307692,4,4038.18,48.0735714285714
"327",2017-12-06,95.12,31.7066666666667,"12","2017",310.32,23.8707692307692,4,4038.18,48.0735714285714
"328",2017-12-05,75.23,25.0766666666667,"12","2017",310.32,23.8707692307692,4,4038.18,48.0735714285714
"329",2017-12-01,15,15,"12","2017",310.32,23.8707692307692,4,4038.18,48.0735714285714
"330",2017-11-30,82.25,27.4166666666667,"11","2017",1656.33,29.5773214285714,4,4038.18,48.0735714285714
"331",2017-11-29,29.72,14.86,"11","2017",1656.33,29.5773214285714,4,4038.18,48.0735714285714
"332",2017-11-28,93.27,23.3175,"11","2017",1656.33,29.5773214285714,4,4038.18,48.0735714285714
"333",2017-11-25,63.65,31.825,"11","2017",1656.33,29.5773214285714,4,4038.18,48.0735714285714
"334",2017-11-24,81,20.25,"11","2017",1656.33,29.5773214285714,4,4038.18,48.0735714285714
"335",2017-11-23,27.9,13.95,"11","2017",1656.33,29.5773214285714,4,4038.18,48.0735714285714
"336",2017-11-22,66.1,13.22,"11","2017",1656.33,29.5773214285714,4,4038.18,48.0735714285714
"337",2017-11-21,30.75,15.375,"11","2017",1656.33,29.5773214285714,4,4038.18,48.0735714285714
"338",2017-11-20,222.73,111.365,"11","2017",1656.33,29.5773214285714,4,4038.18,48.0735714285714
"339",2017-11-18,154.65,25.775,"11","2017",1656.33,29.5773214285714,4,4038.18,48.0735714285714
"340",2017-11-17,15,15,"11","2017",1656.33,29.5773214285714,4,4038.18,48.0735714285714
"341",2017-11-16,19.29,9.645,"11","2017",1656.33,29.5773214285714,4,4038.18,48.0735714285714
"342",2017-11-15,335.4,83.85,"11","2017",1656.33,29.5773214285714,4,4038.18,48.0735714285714
"343",2017-11-14,18.45,18.45,"11","2017",1656.33,29.5773214285714,4,4038.18,48.0735714285714
"344",2017-11-13,8.5,8.5,"11","2017",1656.33,29.5773214285714,4,4038.18,48.0735714285714
"345",2017-11-12,18.02,9.01,"11","2017",1656.33,29.5773214285714,4,4038.18,48.0735714285714
"346",2017-11-11,21,10.5,"11","2017",1656.33,29.5773214285714,4,4038.18,48.0735714285714
"347",2017-11-08,14,14,"11","2017",1656.33,29.5773214285714,4,4038.18,48.0735714285714
"348",2017-11-07,90.28,22.57,"11","2017",1656.33,29.5773214285714,4,4038.18,48.0735714285714
"349",2017-11-06,49.91,49.91,"11","2017",1656.33,29.5773214285714,4,4038.18,48.0735714285714
"350",2017-11-04,6.5,6.5,"11","2017",1656.33,29.5773214285714,4,4038.18,48.0735714285714
"351",2017-11-02,194.46,64.82,"11","2017",1656.33,29.5773214285714,4,4038.18,48.0735714285714
"352",2017-11-01,13.5,13.5,"11","2017",1656.33,29.5773214285714,4,4038.18,48.0735714285714
"353",2017-10-31,63.25,31.625,"10","2017",1579.09,24.67328125,4,4038.18,48.0735714285714
"354",2017-10-30,322.72,107.573333333333,"10","2017",1579.09,24.67328125,4,4038.18,48.0735714285714
"355",2017-10-28,77,25.6666666666667,"10","2017",1579.09,24.67328125,4,4038.18,48.0735714285714
"356",2017-10-27,50,50,"10","2017",1579.09,24.67328125,4,4038.18,48.0735714285714
"357",2017-10-26,57.12,19.04,"10","2017",1579.09,24.67328125,4,4038.18,48.0735714285714
"358",2017-10-25,26.5,13.25,"10","2017",1579.09,24.67328125,4,4038.18,48.0735714285714
"359",2017-10-24,19,9.5,"10","2017",1579.09,24.67328125,4,4038.18,48.0735714285714
"360",2017-10-23,31.11,31.11,"10","2017",1579.09,24.67328125,4,4038.18,48.0735714285714
"361",2017-10-22,19,19,"10","2017",1579.09,24.67328125,4,4038.18,48.0735714285714
"362",2017-10-21,130.6,26.12,"10","2017",1579.09,24.67328125,4,4038.18,48.0735714285714
"363",2017-10-20,94,31.3333333333333,"10","2017",1579.09,24.67328125,4,4038.18,48.0735714285714
"364",2017-10-19,44.99,22.495,"10","2017",1579.09,24.67328125,4,4038.18,48.0735714285714
"365",2017-10-18,72.6,18.15,"10","2017",1579.09,24.67328125,4,4038.18,48.0735714285714
"366",2017-10-17,11,11,"10","2017",1579.09,24.67328125,4,4038.18,48.0735714285714
"367",2017-10-14,40.5,40.5,"10","2017",1579.09,24.67328125,4,4038.18,48.0735714285714
"368",2017-10-13,17.26,17.26,"10","2017",1579.09,24.67328125,4,4038.18,48.0735714285714
"369",2017-10-12,77,19.25,"10","2017",1579.09,24.67328125,4,4038.18,48.0735714285714
"370",2017-10-11,44,22,"10","2017",1579.09,24.67328125,4,4038.18,48.0735714285714
"371",2017-10-10,29.45,14.725,"10","2017",1579.09,24.67328125,4,4038.18,48.0735714285714
"372",2017-10-09,25.78,12.89,"10","2017",1579.09,24.67328125,4,4038.18,48.0735714285714
"373",2017-10-07,65,21.6666666666667,"10","2017",1579.09,24.67328125,4,4038.18,48.0735714285714
"374",2017-10-06,40.15,13.3833333333333,"10","2017",1579.09,24.67328125,4,4038.18,48.0735714285714
"375",2017-10-05,51.2,10.24,"10","2017",1579.09,24.67328125,4,4038.18,48.0735714285714
"376",2017-10-04,19.75,9.875,"10","2017",1579.09,24.67328125,4,4038.18,48.0735714285714
"377",2017-10-03,85.33,21.3325,"10","2017",1579.09,24.67328125,4,4038.18,48.0735714285714
"378",2017-10-02,64.78,32.39,"10","2017",1579.09,24.67328125,4,4038.18,48.0735714285714
"379",2017-09-30,38.19,12.73,"09","2017",1581.74,20.8123684210526,3,4038.18,48.0735714285714
"380",2017-09-29,33.92,11.3066666666667,"09","2017",1581.74,20.8123684210526,3,4038.18,48.0735714285714
"381",2017-09-28,21.18,7.06,"09","2017",1581.74,20.8123684210526,3,4038.18,48.0735714285714
"382",2017-09-27,24,12,"09","2017",1581.74,20.8123684210526,3,4038.18,48.0735714285714
"383",2017-09-26,83.75,27.9166666666667,"09","2017",1581.74,20.8123684210526,3,4038.18,48.0735714285714
"384",2017-09-25,78.82,39.41,"09","2017",1581.74,20.8123684210526,3,4038.18,48.0735714285714
"385",2017-09-23,32.24,10.7466666666667,"09","2017",1581.74,20.8123684210526,3,4038.18,48.0735714285714
"386",2017-09-22,102.99,20.598,"09","2017",1581.74,20.8123684210526,3,4038.18,48.0735714285714
"387",2017-09-21,36,7.2,"09","2017",1581.74,20.8123684210526,3,4038.18,48.0735714285714
"388",2017-09-20,25.5,12.75,"09","2017",1581.74,20.8123684210526,3,4038.18,48.0735714285714
"389",2017-09-19,80.75,26.9166666666667,"09","2017",1581.74,20.8123684210526,3,4038.18,48.0735714285714
"390",2017-09-18,67.12,22.3733333333333,"09","2017",1581.74,20.8123684210526,3,4038.18,48.0735714285714
"391",2017-09-16,17.67,8.835,"09","2017",1581.74,20.8123684210526,3,4038.18,48.0735714285714
"392",2017-09-15,84.7,16.94,"09","2017",1581.74,20.8123684210526,3,4038.18,48.0735714285714
"393",2017-09-14,44.57,11.1425,"09","2017",1581.74,20.8123684210526,3,4038.18,48.0735714285714
"394",2017-09-13,335.14,83.785,"09","2017",1581.74,20.8123684210526,3,4038.18,48.0735714285714
"395",2017-09-12,14,14,"09","2017",1581.74,20.8123684210526,3,4038.18,48.0735714285714
"396",2017-09-11,31.04,15.52,"09","2017",1581.74,20.8123684210526,3,4038.18,48.0735714285714
"397",2017-09-09,63.25,21.0833333333333,"09","2017",1581.74,20.8123684210526,3,4038.18,48.0735714285714
"398",2017-09-07,33,11,"09","2017",1581.74,20.8123684210526,3,4038.18,48.0735714285714
"399",2017-09-06,27.9,13.95,"09","2017",1581.74,20.8123684210526,3,4038.18,48.0735714285714
"400",2017-09-05,84.99,21.2475,"09","2017",1581.74,20.8123684210526,3,4038.18,48.0735714285714
"401",2017-09-04,12.49,12.49,"09","2017",1581.74,20.8123684210526,3,4038.18,48.0735714285714
"402",2017-09-02,166.08,33.216,"09","2017",1581.74,20.8123684210526,3,4038.18,48.0735714285714
"403",2017-09-01,42.45,14.15,"09","2017",1581.74,20.8123684210526,3,4038.18,48.0735714285714
"404",2017-08-31,14,14,"08","2017",1048.3,16.6396825396825,3,4038.18,48.0735714285714
"405",2017-08-30,36.66,12.22,"08","2017",1048.3,16.6396825396825,3,4038.18,48.0735714285714
"406",2017-08-29,60.5,15.125,"08","2017",1048.3,16.6396825396825,3,4038.18,48.0735714285714
"407",2017-08-28,33.22,11.0733333333333,"08","2017",1048.3,16.6396825396825,3,4038.18,48.0735714285714
"408",2017-08-26,109.73,15.6757142857143,"08","2017",1048.3,16.6396825396825,3,4038.18,48.0735714285714
"409",2017-08-25,45.02,11.255,"08","2017",1048.3,16.6396825396825,3,4038.18,48.0735714285714
"410",2017-08-24,81.74,27.2466666666667,"08","2017",1048.3,16.6396825396825,3,4038.18,48.0735714285714
"411",2017-08-23,26,13,"08","2017",1048.3,16.6396825396825,3,4038.18,48.0735714285714
"412",2017-08-22,64,32,"08","2017",1048.3,16.6396825396825,3,4038.18,48.0735714285714
"413",2017-08-21,79.19,19.7975,"08","2017",1048.3,16.6396825396825,3,4038.18,48.0735714285714
"414",2017-08-19,43.5,10.875,"08","2017",1048.3,16.6396825396825,3,4038.18,48.0735714285714
"415",2017-08-18,114,38,"08","2017",1048.3,16.6396825396825,3,4038.18,48.0735714285714
"416",2017-08-12,11.5,11.5,"08","2017",1048.3,16.6396825396825,3,4038.18,48.0735714285714
"417",2017-08-10,14,14,"08","2017",1048.3,16.6396825396825,3,4038.18,48.0735714285714
"418",2017-08-09,25.5,12.75,"08","2017",1048.3,16.6396825396825,3,4038.18,48.0735714285714
"419",2017-08-08,25,12.5,"08","2017",1048.3,16.6396825396825,3,4038.18,48.0735714285714
"420",2017-08-07,84.11,21.0275,"08","2017",1048.3,16.6396825396825,3,4038.18,48.0735714285714
"421",2017-08-05,56.99,18.9966666666667,"08","2017",1048.3,16.6396825396825,3,4038.18,48.0735714285714
"422",2017-08-04,33.56,11.1866666666667,"08","2017",1048.3,16.6396825396825,3,4038.18,48.0735714285714
"423",2017-08-03,10,10,"08","2017",1048.3,16.6396825396825,3,4038.18,48.0735714285714
"424",2017-08-02,42.81,21.405,"08","2017",1048.3,16.6396825396825,3,4038.18,48.0735714285714
"425",2017-08-01,37.27,9.3175,"08","2017",1048.3,16.6396825396825,3,4038.18,48.0735714285714
"426",2017-07-29,102.02,25.505,"07","2017",1075.34,28.2984210526316,3,4038.18,48.0735714285714
"427",2017-07-28,14,14,"07","2017",1075.34,28.2984210526316,3,4038.18,48.0735714285714
"428",2017-07-27,74.41,18.6025,"07","2017",1075.34,28.2984210526316,3,4038.18,48.0735714285714
"429",2017-07-26,22.04,11.02,"07","2017",1075.34,28.2984210526316,3,4038.18,48.0735714285714
"430",2017-07-25,27.75,13.875,"07","2017",1075.34,28.2984210526316,3,4038.18,48.0735714285714
"431",2017-07-24,12.6,6.3,"07","2017",1075.34,28.2984210526316,3,4038.18,48.0735714285714
"432",2017-07-22,17.94,17.94,"07","2017",1075.34,28.2984210526316,3,4038.18,48.0735714285714
"433",2017-07-21,86.6,21.65,"07","2017",1075.34,28.2984210526316,3,4038.18,48.0735714285714
"434",2017-07-20,329.98,329.98,"07","2017",1075.34,28.2984210526316,3,4038.18,48.0735714285714
"435",2017-07-10,9.98,9.98,"07","2017",1075.34,28.2984210526316,3,4038.18,48.0735714285714
"436",2017-07-08,14,14,"07","2017",1075.34,28.2984210526316,3,4038.18,48.0735714285714
"437",2017-07-07,52.03,10.406,"07","2017",1075.34,28.2984210526316,3,4038.18,48.0735714285714
"438",2017-07-06,38.46,9.615,"07","2017",1075.34,28.2984210526316,3,4038.18,48.0735714285714
"439",2017-07-05,25,12.5,"07","2017",1075.34,28.2984210526316,3,4038.18,48.0735714285714
"440",2017-07-04,31.18,31.18,"07","2017",1075.34,28.2984210526316,3,4038.18,48.0735714285714
"441",2017-07-01,217.35,72.45,"07","2017",1075.34,28.2984210526316,3,4038.18,48.0735714285714
"442",2017-06-30,96.32,19.264,"06","2017",1187.58,31.2521052631579,2,4038.18,48.0735714285714
"443",2017-06-29,56.26,14.065,"06","2017",1187.58,31.2521052631579,2,4038.18,48.0735714285714
"444",2017-06-28,51,17,"06","2017",1187.58,31.2521052631579,2,4038.18,48.0735714285714
"445",2017-06-27,25.35,12.675,"06","2017",1187.58,31.2521052631579,2,4038.18,48.0735714285714
"446",2017-06-26,88.2,44.1,"06","2017",1187.58,31.2521052631579,2,4038.18,48.0735714285714
"447",2017-06-24,28.84,14.42,"06","2017",1187.58,31.2521052631579,2,4038.18,48.0735714285714
"448",2017-06-23,19,9.5,"06","2017",1187.58,31.2521052631579,2,4038.18,48.0735714285714
"449",2017-06-14,148.9,49.6333333333333,"06","2017",1187.58,31.2521052631579,2,4038.18,48.0735714285714
"450",2017-06-13,24.08,12.04,"06","2017",1187.58,31.2521052631579,2,4038.18,48.0735714285714
"451",2017-06-12,51.13,17.0433333333333,"06","2017",1187.58,31.2521052631579,2,4038.18,48.0735714285714
"452",2017-06-08,470,470,"06","2017",1187.58,31.2521052631579,2,4038.18,48.0735714285714
"453",2017-06-07,30,30,"06","2017",1187.58,31.2521052631579,2,4038.18,48.0735714285714
"454",2017-06-02,69.5,13.9,"06","2017",1187.58,31.2521052631579,2,4038.18,48.0735714285714
"455",2017-06-01,29,9.66666666666667,"06","2017",1187.58,31.2521052631579,2,4038.18,48.0735714285714
"456",2017-05-31,74.59,24.8633333333333,"05","2017",1359.62,25.1781481481481,2,4038.18,48.0735714285714
"457",2017-05-30,26,13,"05","2017",1359.62,25.1781481481481,2,4038.18,48.0735714285714
"458",2017-05-27,52.8,26.4,"05","2017",1359.62,25.1781481481481,2,4038.18,48.0735714285714
"459",2017-05-26,10,10,"05","2017",1359.62,25.1781481481481,2,4038.18,48.0735714285714
"460",2017-05-25,12.7,6.35,"05","2017",1359.62,25.1781481481481,2,4038.18,48.0735714285714
"461",2017-05-23,140.83,35.2075,"05","2017",1359.62,25.1781481481481,2,4038.18,48.0735714285714
"462",2017-05-22,51.7,17.2333333333333,"05","2017",1359.62,25.1781481481481,2,4038.18,48.0735714285714
"463",2017-05-20,221.99,36.9983333333333,"05","2017",1359.62,25.1781481481481,2,4038.18,48.0735714285714
"464",2017-05-19,29.25,9.75,"05","2017",1359.62,25.1781481481481,2,4038.18,48.0735714285714
"465",2017-05-18,492.1,61.5125,"05","2017",1359.62,25.1781481481481,2,4038.18,48.0735714285714
"466",2017-05-17,5,5,"05","2017",1359.62,25.1781481481481,2,4038.18,48.0735714285714
"467",2017-05-16,25.91,12.955,"05","2017",1359.62,25.1781481481481,2,4038.18,48.0735714285714
"468",2017-05-13,6.55,6.55,"05","2017",1359.62,25.1781481481481,2,4038.18,48.0735714285714
"469",2017-05-11,70,35,"05","2017",1359.62,25.1781481481481,2,4038.18,48.0735714285714
"470",2017-05-10,5,5,"05","2017",1359.62,25.1781481481481,2,4038.18,48.0735714285714
"471",2017-05-09,20.59,6.86333333333333,"05","2017",1359.62,25.1781481481481,2,4038.18,48.0735714285714
"472",2017-05-08,25.49,25.49,"05","2017",1359.62,25.1781481481481,2,4038.18,48.0735714285714
"473",2017-05-06,13,13,"05","2017",1359.62,25.1781481481481,2,4038.18,48.0735714285714
"474",2017-05-05,10,10,"05","2017",1359.62,25.1781481481481,2,4038.18,48.0735714285714
"475",2017-05-03,19,6.33333333333333,"05","2017",1359.62,25.1781481481481,2,4038.18,48.0735714285714
"476",2017-05-01,47.12,11.78,"05","2017",1359.62,25.1781481481481,2,4038.18,48.0735714285714
"477",2017-04-29,176.43,35.286,"04","2017",1389.57,30.8793333333333,2,4038.18,48.0735714285714
"478",2017-04-28,165.61,27.6016666666667,"04","2017",1389.57,30.8793333333333,2,4038.18,48.0735714285714
"479",2017-04-26,23,11.5,"04","2017",1389.57,30.8793333333333,2,4038.18,48.0735714285714
"480",2017-04-24,169.99,28.3316666666667,"04","2017",1389.57,30.8793333333333,2,4038.18,48.0735714285714
"481",2017-04-21,6,6,"04","2017",1389.57,30.8793333333333,2,4038.18,48.0735714285714
"482",2017-04-20,22.33,11.165,"04","2017",1389.57,30.8793333333333,2,4038.18,48.0735714285714
"483",2017-04-19,29,14.5,"04","2017",1389.57,30.8793333333333,2,4038.18,48.0735714285714
"484",2017-04-18,373.08,93.27,"04","2017",1389.57,30.8793333333333,2,4038.18,48.0735714285714
"485",2017-04-14,176.38,44.095,"04","2017",1389.57,30.8793333333333,2,4038.18,48.0735714285714
"486",2017-04-13,50,50,"04","2017",1389.57,30.8793333333333,2,4038.18,48.0735714285714
"487",2017-04-10,21,21,"04","2017",1389.57,30.8793333333333,2,4038.18,48.0735714285714
"488",2017-04-07,76,25.3333333333333,"04","2017",1389.57,30.8793333333333,2,4038.18,48.0735714285714
"489",2017-04-06,52.75,13.1875,"04","2017",1389.57,30.8793333333333,2,4038.18,48.0735714285714
"490",2017-04-05,22,11,"04","2017",1389.57,30.8793333333333,2,4038.18,48.0735714285714
"491",2017-04-04,13,13,"04","2017",1389.57,30.8793333333333,2,4038.18,48.0735714285714
"492",2017-04-03,13,13,"04","2017",1389.57,30.8793333333333,2,4038.18,48.0735714285714
"493",2017-03-31,37,18.5,"03","2017",2232.38,54.4482926829268,1,4038.18,48.0735714285714
"494",2017-03-30,21.8,21.8,"03","2017",2232.38,54.4482926829268,1,4038.18,48.0735714285714
"495",2017-03-29,67,33.5,"03","2017",2232.38,54.4482926829268,1,4038.18,48.0735714285714
"496",2017-03-27,189.68,37.936,"03","2017",2232.38,54.4482926829268,1,4038.18,48.0735714285714
"497",2017-03-23,808.25,269.416666666667,"03","2017",2232.38,54.4482926829268,1,4038.18,48.0735714285714
"498",2017-03-22,38,12.6666666666667,"03","2017",2232.38,54.4482926829268,1,4038.18,48.0735714285714
"499",2017-03-21,17,8.5,"03","2017",2232.38,54.4482926829268,1,4038.18,48.0735714285714
"500",2017-03-20,164.44,32.888,"03","2017",2232.38,54.4482926829268,1,4038.18,48.0735714285714
"501",2017-03-18,280.83,280.83,"03","2017",2232.38,54.4482926829268,1,4038.18,48.0735714285714
"502",2017-03-08,27.07,27.07,"03","2017",2232.38,54.4482926829268,1,4038.18,48.0735714285714
"503",2017-03-07,50,50,"03","2017",2232.38,54.4482926829268,1,4038.18,48.0735714285714
"504",2017-03-06,42.74,14.2466666666667,"03","2017",2232.38,54.4482926829268,1,4038.18,48.0735714285714
"505",2017-03-03,44.51,22.255,"03","2017",2232.38,54.4482926829268,1,4038.18,48.0735714285714
"506",2017-03-02,136.4,34.1,"03","2017",2232.38,54.4482926829268,1,4038.18,48.0735714285714
"507",2017-03-01,307.66,51.2766666666667,"03","2017",2232.38,54.4482926829268,1,4038.18,48.0735714285714
"508",2017-02-24,29.09,14.545,"02","2017",1148.48,35.89,1,4038.18,48.0735714285714
"509",2017-02-23,15,15,"02","2017",1148.48,35.89,1,4038.18,48.0735714285714
"510",2017-02-22,90.53,30.1766666666667,"02","2017",1148.48,35.89,1,4038.18,48.0735714285714
"511",2017-02-21,30,30,"02","2017",1148.48,35.89,1,4038.18,48.0735714285714
"512",2017-02-20,169.03,28.1716666666667,"02","2017",1148.48,35.89,1,4038.18,48.0735714285714
"513",2017-02-18,280.83,280.83,"02","2017",1148.48,35.89,1,4038.18,48.0735714285714
"514",2017-02-17,34.39,34.39,"02","2017",1148.48,35.89,1,4038.18,48.0735714285714
"515",2017-02-16,17,17,"02","2017",1148.48,35.89,1,4038.18,48.0735714285714
"516",2017-02-14,40.91,40.91,"02","2017",1148.48,35.89,1,4038.18,48.0735714285714
"517",2017-02-13,305.17,30.517,"02","2017",1148.48,35.89,1,4038.18,48.0735714285714
"518",2017-02-08,16.64,16.64,"02","2017",1148.48,35.89,1,4038.18,48.0735714285714
"519",2017-02-07,83.4,41.7,"02","2017",1148.48,35.89,1,4038.18,48.0735714285714
"520",2017-02-06,21.49,21.49,"02","2017",1148.48,35.89,1,4038.18,48.0735714285714
"521",2017-02-03,15,15,"02","2017",1148.48,35.89,1,4038.18,48.0735714285714
"522",2017-01-31,30,30,"01","2017",657.32,59.7563636363636,1,4038.18,48.0735714285714
"523",2017-01-24,40,40,"01","2017",657.32,59.7563636363636,1,4038.18,48.0735714285714
"524",2017-01-18,280.83,280.83,"01","2017",657.32,59.7563636363636,1,4038.18,48.0735714285714
"525",2017-01-16,6,6,"01","2017",657.32,59.7563636363636,1,4038.18,48.0735714285714
"526",2017-01-13,20.37,20.37,"01","2017",657.32,59.7563636363636,1,4038.18,48.0735714285714
"527",2017-01-09,30,30,"01","2017",657.32,59.7563636363636,1,4038.18,48.0735714285714
"528",2017-01-03,15.85,15.85,"01","2017",657.32,59.7563636363636,1,4038.18,48.0735714285714
"529",2017-01-02,234.27,58.5675,"01","2017",657.32,59.7563636363636,1,4038.18,48.0735714285714
"530",2016-12-30,54.34,27.17,"12","2016",2486.07,37.1055223880597,4,188.31,15.6925
"531",2016-12-28,12.29,12.29,"12","2016",2486.07,37.1055223880597,4,188.31,15.6925
"532",2016-12-26,223.84,37.3066666666667,"12","2016",2486.07,37.1055223880597,4,188.31,15.6925
"533",2016-12-23,346.83,86.7075,"12","2016",2486.07,37.1055223880597,4,188.31,15.6925
"534",2016-12-22,81,40.5,"12","2016",2486.07,37.1055223880597,4,188.31,15.6925
"535",2016-12-21,65,32.5,"12","2016",2486.07,37.1055223880597,4,188.31,15.6925
"536",2016-12-20,265.28,29.4755555555556,"12","2016",2486.07,37.1055223880597,4,188.31,15.6925
"537",2016-12-19,348.05,49.7214285714286,"12","2016",2486.07,37.1055223880597,4,188.31,15.6925
"538",2016-12-18,33.3,33.3,"12","2016",2486.07,37.1055223880597,4,188.31,15.6925
"539",2016-12-16,41.39,20.695,"12","2016",2486.07,37.1055223880597,4,188.31,15.6925
"540",2016-12-15,49.9,49.9,"12","2016",2486.07,37.1055223880597,4,188.31,15.6925
"541",2016-12-14,33.3,33.3,"12","2016",2486.07,37.1055223880597,4,188.31,15.6925
"542",2016-12-13,6,6,"12","2016",2486.07,37.1055223880597,4,188.31,15.6925
"543",2016-12-12,153.96,21.9942857142857,"12","2016",2486.07,37.1055223880597,4,188.31,15.6925
"544",2016-12-09,97.25,32.4166666666667,"12","2016",2486.07,37.1055223880597,4,188.31,15.6925
"545",2016-12-08,22,11,"12","2016",2486.07,37.1055223880597,4,188.31,15.6925
"546",2016-12-07,74.27,37.135,"12","2016",2486.07,37.1055223880597,4,188.31,15.6925
"547",2016-12-06,69.21,23.07,"12","2016",2486.07,37.1055223880597,4,188.31,15.6925
"548",2016-12-05,446.85,55.85625,"12","2016",2486.07,37.1055223880597,4,188.31,15.6925
"549",2016-12-01,62.01,20.67,"12","2016",2486.07,37.1055223880597,4,188.31,15.6925
"550",2016-11-29,78,26,"11","2016",368.73,26.3378571428571,4,188.31,15.6925
"551",2016-11-18,15,15,"11","2016",368.73,26.3378571428571,4,188.31,15.6925
"552",2016-11-17,67.65,67.65,"11","2016",368.73,26.3378571428571,4,188.31,15.6925
"553",2016-11-10,15,15,"11","2016",368.73,26.3378571428571,4,188.31,15.6925
"554",2016-11-07,90.48,18.096,"11","2016",368.73,26.3378571428571,4,188.31,15.6925
"555",2016-11-03,102.6,34.2,"11","2016",368.73,26.3378571428571,4,188.31,15.6925
"556",2016-10-31,137.61,34.4025,"10","2016",1031.06,33.26,4,188.31,15.6925
"557",2016-10-17,356.49,39.61,"10","2016",1031.06,33.26,4,188.31,15.6925
"558",2016-10-13,155.28,31.056,"10","2016",1031.06,33.26,4,188.31,15.6925
"559",2016-10-11,34.25,17.125,"10","2016",1031.06,33.26,4,188.31,15.6925
"560",2016-10-10,71.92,71.92,"10","2016",1031.06,33.26,4,188.31,15.6925
"561",2016-10-04,73.5,24.5,"10","2016",1031.06,33.26,4,188.31,15.6925
"562",2016-10-03,202.01,28.8585714285714,"10","2016",1031.06,33.26,4,188.31,15.6925
"563",2016-09-26,95.84,9.584,"09","2016",428.12,26.7575,3,188.31,15.6925
"564",2016-09-18,107.62,26.905,"09","2016",428.12,26.7575,3,188.31,15.6925
"565",2016-09-13,15,15,"09","2016",428.12,26.7575,3,188.31,15.6925
"566",2016-09-09,209.66,209.66,"09","2016",428.12,26.7575,3,188.31,15.6925
"567",2016-08-25,0.63,0.315,"08","2016",475.15,29.696875,3,188.31,15.6925
"568",2016-08-18,107.62,26.905,"08","2016",475.15,29.696875,3,188.31,15.6925
"569",2016-08-17,50,50,"08","2016",475.15,29.696875,3,188.31,15.6925
"570",2016-08-09,6.5,6.5,"08","2016",475.15,29.696875,3,188.31,15.6925
"571",2016-08-08,135.4,33.85,"08","2016",475.15,29.696875,3,188.31,15.6925
"572",2016-08-04,60.65,30.325,"08","2016",475.15,29.696875,3,188.31,15.6925
"573",2016-08-03,64.35,64.35,"08","2016",475.15,29.696875,3,188.31,15.6925
"574",2016-08-01,50,50,"08","2016",475.15,29.696875,3,188.31,15.6925
"575",2016-07-29,18.15,9.075,"07","2016",490.08,27.2266666666667,3,188.31,15.6925
"576",2016-07-25,306.12,30.612,"07","2016",490.08,27.2266666666667,3,188.31,15.6925
"577",2016-07-22,30,30,"07","2016",490.08,27.2266666666667,3,188.31,15.6925
"578",2016-07-18,50,50,"07","2016",490.08,27.2266666666667,3,188.31,15.6925
"579",2016-07-17,0.91,0.455,"07","2016",490.08,27.2266666666667,3,188.31,15.6925
"580",2016-07-14,84.9,42.45,"07","2016",490.08,27.2266666666667,3,188.31,15.6925
"581",2016-06-17,0.65,0.325,"06","2016",123.55,17.65,2,188.31,15.6925
"582",2016-06-13,9.99,9.99,"06","2016",123.55,17.65,2,188.31,15.6925
"583",2016-06-11,0.02,0.02,"06","2016",123.55,17.65,2,188.31,15.6925
"584",2016-06-10,7.01,3.505,"06","2016",123.55,17.65,2,188.31,15.6925
"585",2016-06-02,105.88,105.88,"06","2016",123.55,17.65,2,188.31,15.6925
"586",2016-05-31,50,50,"05","2016",217.82,14.5213333333333,2,188.31,15.6925
"587",2016-05-29,122.64,30.66,"05","2016",217.82,14.5213333333333,2,188.31,15.6925
"588",2016-05-28,1,1,"05","2016",217.82,14.5213333333333,2,188.31,15.6925
"589",2016-05-24,17.63,5.87666666666667,"05","2016",217.82,14.5213333333333,2,188.31,15.6925
"590",2016-05-13,0.63,0.315,"05","2016",217.82,14.5213333333333,2,188.31,15.6925
"591",2016-05-11,9.99,9.99,"05","2016",217.82,14.5213333333333,2,188.31,15.6925
"592",2016-05-07,5.18,5.18,"05","2016",217.82,14.5213333333333,2,188.31,15.6925
"593",2016-05-05,5.12,5.12,"05","2016",217.82,14.5213333333333,2,188.31,15.6925
"594",2016-05-03,5.63,5.63,"05","2016",217.82,14.5213333333333,2,188.31,15.6925
"595",2016-04-30,5.61,5.61,"04","2016",134.5,16.8125,2,188.31,15.6925
"596",2016-04-28,37,18.5,"04","2016",134.5,16.8125,2,188.31,15.6925
"597",2016-04-25,6.9,6.9,"04","2016",134.5,16.8125,2,188.31,15.6925
"598",2016-04-19,30,30,"04","2016",134.5,16.8125,2,188.31,15.6925
"599",2016-04-16,30,30,"04","2016",134.5,16.8125,2,188.31,15.6925
"600",2016-04-13,15,15,"04","2016",134.5,16.8125,2,188.31,15.6925
"601",2016-04-12,9.99,9.99,"04","2016",134.5,16.8125,2,188.31,15.6925
"602",2016-03-11,9.99,9.99,"03","2016",21.99,10.995,1,188.31,15.6925
"603",2016-03-09,12,12,"03","2016",21.99,10.995,1,188.31,15.6925
"604",2016-02-27,30,30,"02","2016",106.33,15.19,1,188.31,15.6925
"605",2016-02-17,12,12,"02","2016",106.33,15.19,1,188.31,15.6925
"606",2016-02-13,0.37,0.185,"02","2016",106.33,15.19,1,188.31,15.6925
"607",2016-02-11,9.99,9.99,"02","2016",106.33,15.19,1,188.31,15.6925
"608",2016-02-05,41.97,41.97,"02","2016",106.33,15.19,1,188.31,15.6925
"609",2016-02-03,12,12,"02","2016",106.33,15.19,1,188.31,15.6925
"610",2016-01-23,20,20,"01","2016",59.99,19.9966666666667,1,188.31,15.6925
"611",2016-01-12,9.99,9.99,"01","2016",59.99,19.9966666666667,1,188.31,15.6925
"612",2016-01-08,30,30,"01","2016",59.99,19.9966666666667,1,188.31,15.6925
"613",2015-12-11,9,9,"12","2015",59,29.5,4,319.33,45.6185714285714
"614",2015-12-01,50,50,"12","2015",59,29.5,4,319.33,45.6185714285714
"615",2015-11-29,86.26,86.26,"11","2015",318.26,31.826,4,319.33,45.6185714285714
"616",2015-11-26,20,20,"11","2015",318.26,31.826,4,319.33,45.6185714285714
"617",2015-11-24,20,20,"11","2015",318.26,31.826,4,319.33,45.6185714285714
"618",2015-11-19,7,7,"11","2015",318.26,31.826,4,319.33,45.6185714285714
"619",2015-11-15,80,40,"11","2015",318.26,31.826,4,319.33,45.6185714285714
"620",2015-11-12,20,20,"11","2015",318.26,31.826,4,319.33,45.6185714285714
"621",2015-11-06,25,25,"11","2015",318.26,31.826,4,319.33,45.6185714285714
"622",2015-11-04,60,30,"11","2015",318.26,31.826,4,319.33,45.6185714285714
"623",2015-10-23,25,25,"10","2015",25,25,4,319.33,45.6185714285714
"624",2015-09-26,21.3,21.3,"09","2015",71.3,23.7666666666667,3,319.33,45.6185714285714
"625",2015-09-09,25,25,"09","2015",71.3,23.7666666666667,3,319.33,45.6185714285714
"626",2015-09-02,25,25,"09","2015",71.3,23.7666666666667,3,319.33,45.6185714285714
"627",2015-08-22,158.61,79.305,"08","2015",248.03,62.0075,3,319.33,45.6185714285714
"628",2015-08-21,79.9,79.9,"08","2015",248.03,62.0075,3,319.33,45.6185714285714
"629",2015-08-19,9.52,9.52,"08","2015",248.03,62.0075,3,319.33,45.6185714285714
